Workbook

Sheet Bluefin
A1: Reference | B1: Qty | C1: Value | D1: DNP | E1: Exclude from BOM | F1: Exclude from Board | G1: Footprint | H1: Datasheet | I1: LCSC | J1: JLCPCB_CORRECTION | M1: New
A2: C1101,C1102,C1103,C1112 | B2: 4 | C2: 3.3nF | G2: Capacitor_SMD:C_0402_1005Metric | H2: ~ | I2: C26404 | M2: =_xlfn.LET(_xlpm.key,A2,_xlpm.newHash,G2,_xlpm.oldHash,_xlfn.XLOOKUP(_xlpm.key,Halmet!A:A,Halmet!G:G,""),OR(_xlpm.oldHash="",_xlpm.oldHash<>_xlpm.newHash)) -> FALSE
A3: C1104,C1105,C1106,C1107 | B3: 4 | C3: 220pF | G3: Resistor_SMD:R_0402_1005Metric | H3: ~ | I3: C1530 | M3: =_xlfn.LET(_xlpm.key,A3,_xlpm.newHash,G3,_xlpm.oldHash,_xlfn.XLOOKUP(_xlpm.key,Halmet!A:A,Halmet!G:G,""),OR(_xlpm.oldHash="",_xlpm.oldHash<>_xlpm.newHash)) -> FALSE
A4: C1201,C1202,C1208,C1210 | B4: 4 | C4: 4.7uF | G4: Capacitor_SMD:C_0402_1005Metric | H4: ~ | I4: C23733 | M4: =_xlfn.LET(_xlpm.key,A4,_xlpm.newHash,G4,_xlpm.oldHash,_xlfn.XLOOKUP(_xlpm.key,Halmet!A:A,Halmet!G:G,""),OR(_xlpm.oldHash="",_xlpm.oldHash<>_xlpm.newHash)) -> FALSE
A5: C1203 | B5: 1 | C5: 10uF/10V | G5: Capacitor_SMD:C_0603_1608Metric | H5: ~ | I5: C19702 | M5: =_xlfn.LET(_xlpm.key,A5,_xlpm.newHash,G5,_xlpm.oldHash,_xlfn.XLOOKUP(_xlpm.key,Halmet!A:A,Halmet!G:G,""),OR(_xlpm.oldHash="",_xlpm.oldHash<>_xlpm.newHash)) -> FALSE
A6: C1209 | B6: 1 | C6: 220pF/2kV | G6: HALMET:C_1808_4520Metric | H6: ~ | I6: C2940747 | M6: =_xlfn.LET(_xlpm.key,A6,_xlpm.newHash,G6,_xlpm.oldHash,_xlfn.XLOOKUP(_xlpm.key,Halmet!A:A,Halmet!G:G,""),OR(_xlpm.oldHash="",_xlpm.oldHash<>_xlpm.newHash)) -> FALSE
A7: C202 | B7: 1 | C7: 22uF | G7: Capacitor_SMD:C_0603_1608Metric | H7: ~ | I7: C59461 | M7: =_xlfn.LET(_xlpm.key,A7,_xlpm.newHash,G7,_xlpm.oldHash,_xlfn.XLOOKUP(_xlpm.key,Halmet!A:A,Halmet!G:G,""),OR(_xlpm.oldHash="",_xlpm.oldHash<>_xlpm.newHash)) -> FALSE
A8: C203 | B8: 1 | C8: 1uF | G8: Capacitor_SMD:C_0402_1005Metric | H8: ~ | I8: C52923 | M8: =_xlfn.LET(_xlpm.key,A8,_xlpm.newHash,G8,_xlpm.oldHash,_xlfn.XLOOKUP(_xlpm.key,Halmet!A:A,Halmet!G:G,""),OR(_xlpm.oldHash="",_xlpm.oldHash<>_xlpm.newHash)) -> FALSE
A9: C304 | B9: 1 | C9: 47uF/6.3V | G9: Capacitor_SMD:C_1206_3216Metric | H9: ~ | I9: C96123 | M9: =_xlfn.LET(_xlpm.key,A9,_xlpm.newHash,G9,_xlpm.oldHash,_xlfn.XLOOKUP(_xlpm.key,Halmet!A:A,Halmet!G:G,""),OR(_xlpm.oldHash="",_xlpm.oldHash<>_xlpm.newHash)) -> FALSE
A10: C402 | B10: 1 | C10: 4.7uF/16V | G10: Capacitor_SMD:C_0603_1608Metric | H10: ~ | I10: C19666 | M10: =_xlfn.LET(_xlpm.key,A10,_xlpm.newHash,G10,_xlpm.oldHash,_xlfn.XLOOKUP(_xlpm.key,Halmet!A:A,Halmet!G:G,""),OR(_xlpm.oldHash="",_xlpm.oldHash<>_xlpm.newHash)) -> FALSE
A11: C403,C404 | B11: 2 | C11: 10pF/50V | E11: Excluded from BOM | G11: Capacitor_SMD:C_0402_1005Metric | H11: ~ | I11: C32949 | M11: =_xlfn.LET(_xlpm.key,A11,_xlpm.newHash,G11,_xlpm.oldHash,_xlfn.XLOOKUP(_xlpm.key,Halmet!A:A,Halmet!G:G,""),OR(_xlpm.oldHash="",_xlpm.oldHash<>_xlpm.newHash)) -> FALSE
A12: C501,C502 | B12: 2 | C12: 100nF/50V | G12: Capacitor_SMD:C_0603_1608Metric | H12: ~ | I12: C14663 | M12: =_xlfn.LET(_xlpm.key,A12,_xlpm.newHash,G12,_xlpm.oldHash,_xlfn.XLOOKUP(_xlpm.key,Halmet!A:A,Halmet!G:G,""),OR(_xlpm.oldHash="",_xlpm.oldHash<>_xlpm.newHash)) -> FALSE
A13: C503,C715 | B13: 2 | C13: 1uF/50V | G13: Capacitor_SMD:C_0805_2012Metric | H13: ~ | I13: C28323 | M13: =_xlfn.LET(_xlpm.key,A13,_xlpm.newHash,G13,_xlpm.oldHash,_xlfn.XLOOKUP(_xlpm.key,Halmet!A:A,Halmet!G:G,""),OR(_xlpm.oldHash="",_xlpm.oldHash<>_xlpm.newHash)) -> FALSE
A14: C601,C604,C612,C614,C705,C706 | B14: 6 | C14: 33pF/50V | G14: Capacitor_SMD:C_0603_1608Metric | H14: ~ | I14: C1663 | M14: =_xlfn.LET(_xlpm.key,A14,_xlpm.newHash,G14,_xlpm.oldHash,_xlfn.XLOOKUP(_xlpm.key,Halmet!A:A,Halmet!G:G,""),OR(_xlpm.oldHash="",_xlpm.oldHash<>_xlpm.newHash)) -> FALSE
A15: C602,C606,C607,C608,C609,C610,C616,C624,C901,C1113,C1114,C1115,C1116,C1204,C1205,C1206,C1207 | B15: 17 | C15: 100nF | G15: Capacitor_SMD:C_0402_1005Metric | H15: ~ | I15: C1525 | M15: =_xlfn.LET(_xlpm.key,A15,_xlpm.newHash,G15,_xlpm.oldHash,_xlfn.XLOOKUP(_xlpm.key,Halmet!A:A,Halmet!G:G,""),OR(_xlpm.oldHash="",_xlpm.oldHash<>_xlpm.newHash)) -> TRUE
A16: C603,C605,C613,C615,C702,C703 | B16: 6 | C16: 33pF | G16: Capacitor_SMD:C_0402_1005Metric | H16: ~ | I16: C1562 | M16: =_xlfn.LET(_xlpm.key,A16,_xlpm.newHash,G16,_xlpm.oldHash,_xlfn.XLOOKUP(_xlpm.key,Halmet!A:A,Halmet!G:G,""),OR(_xlpm.oldHash="",_xlpm.oldHash<>_xlpm.newHash)) -> FALSE
A17: C611 | B17: 1 | C17: 68nF | G17: Capacitor_SMD:C_0603_1608Metric | H17: ~ | I17: C31658 | M17: =_xlfn.LET(_xlpm.key,A17,_xlpm.newHash,G17,_xlpm.oldHash,_xlfn.XLOOKUP(_xlpm.key,Halmet!A:A,Halmet!G:G,""),OR(_xlpm.oldHash="",_xlpm.oldHash<>_xlpm.newHash)) -> FALSE
A18: C620,C621,C622,C623 | B18: 4 | C18: 10nF | G18: Capacitor_SMD:C_0402_1005Metric | H18: ~ | I18: C15195 | M18: =_xlfn.LET(_xlpm.key,A18,_xlpm.newHash,G18,_xlpm.oldHash,_xlfn.XLOOKUP(_xlpm.key,Halmet!A:A,Halmet!G:G,""),OR(_xlpm.oldHash="",_xlpm.oldHash<>_xlpm.newHash)) -> FALSE
A19: C701,C801 | B19: 2 | C19: 10uF | G19: Capacitor_SMD:C_0402_1005Metric | H19: ~ | I19: C15525 | M19: =_xlfn.LET(_xlpm.key,A19,_xlpm.newHash,G19,_xlpm.oldHash,_xlfn.XLOOKUP(_xlpm.key,Halmet!A:A,Halmet!G:G,""),OR(_xlpm.oldHash="",_xlpm.oldHash<>_xlpm.newHash)) -> FALSE
A20: C704,C707,C708,C709,C710,C711,C712,C714,C721,C803 | B20: 10 | C20: 10uF/50V | G20: Capacitor_SMD:C_1206_3216Metric | H20: ~ | I20: C13585 | M20: =_xlfn.LET(_xlpm.key,A20,_xlpm.newHash,G20,_xlpm.oldHash,_xlfn.XLOOKUP(_xlpm.key,Halmet!A:A,Halmet!G:G,""),OR(_xlpm.oldHash="",_xlpm.oldHash<>_xlpm.newHash)) -> TRUE
A21: C713 | B21: 1 | C21: 4.7nF/50V | G21: Capacitor_SMD:C_0402_1005Metric | H21: ~ | I21: C1538 | M21: =_xlfn.LET(_xlpm.key,A21,_xlpm.newHash,G21,_xlpm.oldHash,_xlfn.XLOOKUP(_xlpm.key,Halmet!A:A,Halmet!G:G,""),OR(_xlpm.oldHash="",_xlpm.oldHash<>_xlpm.newHash)) -> FALSE
A22: C716 | B22: 1 | C22: 4.7uF/50V | G22: Capacitor_SMD:C_1206_3216Metric | H22: ~ | I22: C29823 | M22: =_xlfn.LET(_xlpm.key,A22,_xlpm.newHash,G22,_xlpm.oldHash,_xlfn.XLOOKUP(_xlpm.key,Halmet!A:A,Halmet!G:G,""),OR(_xlpm.oldHash="",_xlpm.oldHash<>_xlpm.newHash)) -> FALSE
A23: C717,C720 | B23: 2 | C23: 0.1uF/50V | G23: Capacitor_SMD:C_1206_3216Metric | H23: ~ | I23: C24497 | M23: =_xlfn.LET(_xlpm.key,A23,_xlpm.newHash,G23,_xlpm.oldHash,_xlfn.XLOOKUP(_xlpm.key,Halmet!A:A,Halmet!G:G,""),OR(_xlpm.oldHash="",_xlpm.oldHash<>_xlpm.newHash)) -> TRUE
... A28: D1001,D1002 | B28: 2 | C28: GREEN LED | G28: LED_SMD:LED_0603_1608Metric | H28: ~ | I28: C965804 | M28: =_xlfn.LET(_xlpm.key,A28,_xlpm.newHash,G28,_xlpm.oldHash,_xlfn.XLOOKUP(_xlpm.key,Halmet!A:A,Halmet!G:G,""),OR(_xlpm.oldHash="",_xlpm.oldHash<>_xlpm.newHash)) -> FALSE
A29: D1101,D1102 | B29: 2 | C29: BAT54A | G29: Package_TO_SOT_SMD:SOT-323_SC-70 | I29: C78261 | J29: 0;0;180 | M29: =_xlfn.LET(_xlpm.key,A29,_xlpm.newHash,G29,_xlpm.oldHash,_xlfn.XLOOKUP(_xlpm.key,Halmet!A:A,Halmet!G:G,""),OR(_xlpm.oldHash="",_xlpm.oldHash<>_xlpm.newHash)) -> FALSE
A30: D201,D303,D701 | B30: 3 | C30: B5819W | G30: Diode_SMD:D_SOD-123 | H30: ~ | I30: C8598 | M30: =_xlfn.LET(_xlpm.key,A30,_xlpm.newHash,G30,_xlpm.oldHash,_xlfn.XLOOKUP(_xlpm.key,Halmet!A:A,Halmet!G:G,""),OR(_xlpm.oldHash="",_xlpm.oldHash<>_xlpm.newHash)) -> FALSE
A31: D301 | B31: 1 | C31: SMBJ33CA | G31: Diode_SMD:D_SMB | H31: ~ | I31: C114000 | M31: =_xlfn.LET(_xlpm.key,A31,_xlpm.newHash,G31,_xlpm.oldHash,_xlfn.XLOOKUP(_xlpm.key,Halmet!A:A,Halmet!G:G,""),OR(_xlpm.oldHash="",_xlpm.oldHash<>_xlpm.newHash)) -> FALSE
A32: D401,D402,D403,D503,D504,D903,D904,D905 | B32: 8 | C32: ESD5451N | G32: Diode_SMD:D_0402_1005Metric | H32: ~ | I32: C2936977 | M32: =_xlfn.LET(_xlpm.key,A32,_xlpm.newHash,G32,_xlpm.oldHash,_xlfn.XLOOKUP(_xlpm.key,Halmet!A:A,Halmet!G:G,""),OR(_xlpm.oldHash="",_xlpm.oldHash<>_xlpm.newHash)) -> FALSE
A33: D501 | B33: 1 | C33: BLUE LED | G33: LED_SMD:LED_0603_1608Metric | H33: ~ | I33: C84266 | M33: =_xlfn.LET(_xlpm.key,A33,_xlpm.newHash,G33,_xlpm.oldHash,_xlfn.XLOOKUP(_xlpm.key,Halmet!A:A,Halmet!G:G,""),OR(_xlpm.oldHash="",_xlpm.oldHash<>_xlpm.newHash)) -> FALSE
A34: D502 | B34: 1 | C34: RED LED | G34: LED_SMD:LED_0603_1608Metric | H34: ~ | I34: C2286 | M34: =_xlfn.LET(_xlpm.key,A34,_xlpm.newHash,G34,_xlpm.oldHash,_xlfn.XLOOKUP(_xlpm.key,Halmet!A:A,Halmet!G:G,""),OR(_xlpm.oldHash="",_xlpm.oldHash<>_xlpm.newHash)) -> FALSE
A35: D603,D604,D605,D611,D1103,D1104,D1105,D1113 | B35: 8 | C35: BAT54S | G35: Package_TO_SOT_SMD:SOT-323_SC-70 | H35: https://www.diodes.com/assets/Datasheets/ds11005.pdf | I35: C12741 | J35: 0;0;180 | M35: =_xlfn.LET(_xlpm.key,A35,_xlpm.newHash,G35,_xlpm.oldHash,_xlfn.XLOOKUP(_xlpm.key,Halmet!A:A,Halmet!G:G,""),OR(_xlpm.oldHash="",_xlpm.oldHash<>_xlpm.newHash)) -> FALSE
A36: D801 | B36: 1 | C36: SM24CANB | G36: Package_TO_SOT_SMD:SOT-23 | H36: ~ | I36: C41376477 | J36: 0;0;180 | M36: =_xlfn.LET(_xlpm.key,A36,_xlpm.newHash,G36,_xlpm.oldHash,_xlfn.XLOOKUP(_xlpm.key,Halmet!A:A,Halmet!G:G,""),OR(_xlpm.oldHash="",_xlpm.oldHash<>_xlpm.newHash)) -> FALSE
A37: F301 | B37: 1 | C37: mSMD050-60V | G37: Fuse:Fuse_1812_4532Metric | H37: ~ | I37: C70113 | M37: =_xlfn.LET(_xlpm.key,A37,_xlpm.newHash,G37,_xlpm.oldHash,_xlfn.XLOOKUP(_xlpm.key,Halmet!A:A,Halmet!G:G,""),OR(_xlpm.oldHash="",_xlpm.oldHash<>_xlpm.newHash)) -> FALSE
A38: F401 | B38: 1 | C38: BSMD1206-100-6V | G38: Fuse:Fuse_1206_3216Metric | H38: https://datasheet.lcsc.com/lcsc/2305121423_BHFUSE-BSMD1206-100-6V_C883129.pdf | I38: C883129 | M38: =_xlfn.LET(_xlpm.key,A38,_xlpm.newHash,G38,_xlpm.oldHash,_xlfn.XLOOKUP(_xlpm.key,Halmet!A:A,Halmet!G:G,""),OR(_xlpm.oldHash="",_xlpm.oldHash<>_xlpm.newHash)) -> FALSE
A39: F501,F502 | B39: 2 | C39: 1206L010/60WR | G39: 1206L010_60WR:1206L075132WR | H39: ~ | I39: C2153714 | M39: =_xlfn.LET(_xlpm.key,A39,_xlpm.newHash,G39,_xlpm.oldHash,_xlfn.XLOOKUP(_xlpm.key,Halmet!A:A,Halmet!G:G,""),OR(_xlpm.oldHash="",_xlpm.oldHash<>_xlpm.newHash)) -> TRUE
A40: FB401,FB701,FB704,FB801 | B40: 4 | C40: GZ2012D601TF | G40: Inductor_SMD:L_0805_2012Metric | H40: ~ | I40: C1017 | M40: =_xlfn.LET(_xlpm.key,A40,_xlpm.newHash,G40,_xlpm.oldHash,_xlfn.XLOOKUP(_xlpm.key,Halmet!A:A,Halmet!G:G,""),OR(_xlpm.oldHash="",_xlpm.oldHash<>_xlpm.newHash)) -> FALSE
A41: FB601,FB602,FB603,FB604,FB702,FB703 | B41: 6 | C41: GZ2012D101TF | G41: Inductor_SMD:L_0805_2012Metric | H41: ~ | I41: C1015 | M41: =_xlfn.LET(_xlpm.key,A41,_xlpm.newHash,G41,_xlpm.oldHash,_xlfn.XLOOKUP(_xlpm.key,Halmet!A:A,Halmet!G:G,""),OR(_xlpm.oldHash="",_xlpm.oldHash<>_xlpm.newHash)) -> FALSE
A42: G601 | B42: 1 | C42: CC-BY | E42: Excluded from BOM | G42: HALMET:cc-by_5mm | H42: ~ | M42: =_xlfn.LET(_xlpm.key,A42,_xlpm.newHash,G42,_xlpm.oldHash,_xlfn.XLOOKUP(_xlpm.key,Halmet!A:A,Halmet!G:G,""),OR(_xlpm.oldHash="",_xlpm.oldHash<>_xlpm.newHash)) -> FALSE
A43: G602 | B43: 1 | C43: CE-logo | E43: Excluded from BOM | G43: Symbol:CE-Logo_11.2x8mm_SilkScreen | H43: ~ | M43: =_xlfn.LET(_xlpm.key,A43,_xlpm.newHash,G43,_xlpm.oldHash,_xlfn.XLOOKUP(_xlpm.key,Halmet!A:A,Halmet!G:G,""),OR(_xlpm.oldHash="",_xlpm.oldHash<>_xlpm.newHash)) -> FALSE
A44: G603 | B44: 1 | C44: WEEE-logo | E44: Excluded from BOM | F44: Excluded from board | G44: Symbol:WEEE-Logo_5.6x8mm_SilkScreen | H44: ~ | M44: =_xlfn.LET(_xlpm.key,A44,_xlpm.newHash,G44,_xlpm.oldHash,_xlfn.XLOOKUP(_xlpm.key,Halmet!A:A,Halmet!G:G,""),OR(_xlpm.oldHash="",_xlpm.oldHash<>_xlpm.newHash)) -> FALSE
A45: G604 | B45: 1 | C45: OSHW-logo | E45: Excluded from BOM | F45: Excluded from board | G45: Symbol:OSHW-Logo2_9.8x8mm_SilkScreen | H45: ~ | M45: =_xlfn.LET(_xlpm.key,A45,_xlpm.newHash,G45,_xlpm.oldHash,_xlfn.XLOOKUP(_xlpm.key,Halmet!A:A,Halmet!G:G,""),OR(_xlpm.oldHash="",_xlpm.oldHash<>_xlpm.newHash)) -> FALSE
A46: H1001,H1002 | B46: 2 | C46: MountingHole | G46: HALMET:MountingSlot_3.2mm_M3_Unplated | H46: ~ | M46: =_xlfn.LET(_xlpm.key,A46,_xlpm.newHash,G46,_xlpm.oldHash,_xlfn.XLOOKUP(_xlpm.key,Halmet!A:A,Halmet!G:G,""),OR(_xlpm.oldHash="",_xlpm.oldHash<>_xlpm.newHash)) -> FALSE
A47: J201 | B47: 1 | C47: GPIO | G47: Connector_PinHeader_2.54mm:PinHeader_2x10_P2.54mm_Vertical | H47: ~ | I47: C492427 | J47: 1.27;24.13;90 | M47: =_xlfn.LET(_xlpm.key,A47,_xlpm.newHash,G47,_xlpm.oldHash,_xlfn.XLOOKUP(_xlpm.key,Halmet!A:A,Halmet!G:G,""),OR(_xlpm.oldHash="",_xlpm.oldHash<>_xlpm.newHash)) -> FALSE
A48: J203 | B48: 1 | C48: Conn_01x01 | E48: Excluded from BOM | G48: TestPoint:TestPoint_Pad_D2.0mm | H48: ~ | M48: =_xlfn.LET(_xlpm.key,A48,_xlpm.newHash,G48,_xlpm.oldHash,_xlfn.XLOOKUP(_xlpm.key,Halmet!A:A,Halmet!G:G,""),OR(_xlpm.oldHash="",_xlpm.oldHash<>_xlpm.newHash)) -> FALSE
A49: J302,J1201 | B49: 2 | C49: Conn_01x02 | G49: Connector_PinHeader_2.54mm:PinHeader_1x02_P2.54mm_Vertical | H49: ~ | M49: =_xlfn.LET(_xlpm.key,A49,_xlpm.newHash,G49,_xlpm.oldHash,_xlfn.XLOOKUP(_xlpm.key,Halmet!A:A,Halmet!G:G,""),OR(_xlpm.oldHash="",_xlpm.oldHash<>_xlpm.newHash)) -> FALSE
A50: J401 | B50: 1 | C50: USB_B_Micro | G50: Connector_USB:USB_Micro-B_Wuerth_614105150721_Vertical | H50: ~ | I50: C145795 | J50: 1.3;0.5;0 | M50: =_xlfn.LET(_xlpm.key,A50,_xlpm.newHash,G50,_xlpm.oldHash,_xlfn.XLOOKUP(_xlpm.key,Halmet!A:A,Halmet!G:G,""),OR(_xlpm.oldHash="",_xlpm.oldHash<>_xlpm.newHash)) -> FALSE
A51: J402 | B51: 1 | C51: Conn_01x04 | G51: Connector_JST:JST_SH_BM04B-SRSS-TB_1x04-1MP_P1.00mm_Vertical | H51: ~ | I51: C160390 | M51: =_xlfn.LET(_xlpm.key,A51,_xlpm.newHash,G51,_xlpm.oldHash,_xlfn.XLOOKUP(_xlpm.key,Halmet!A:A,Halmet!G:G,""),OR(_xlpm.oldHash="",_xlpm.oldHash<>_xlpm.newHash)) -> TRUE
A52: J501 | B52: 1 | C52: EXT LEDS | G52: Connector_PinHeader_2.00mm:PinHeader_1x03_P2.00mm_Vertical | H52: ~ | I52: C541857 | M52: =_xlfn.LET(_xlpm.key,A52,_xlpm.newHash,G52,_xlpm.oldHash,_xlfn.XLOOKUP(_xlpm.key,Halmet!A:A,Halmet!G:G,""),OR(_xlpm.oldHash="",_xlpm.oldHash<>_xlpm.newHash)) -> TRUE
A53: J602 | B53: 1 | C53: Conn_02x04_Odd_Even | G53: Connector_PinHeader_2.54mm:PinHeader_2x04_P2.54mm_Vertical | H53: ~ | I53: C124386 | J53: 1.27;3.81;90 | M53: =_xlfn.LET(_xlpm.key,A53,_xlpm.newHash,G53,_xlpm.oldHash,_xlfn.XLOOKUP(_xlpm.key,Halmet!A:A,Halmet!G:G,""),OR(_xlpm.oldHash="",_xlpm.oldHash<>_xlpm.newHash)) -> FALSE
A54: J604,J605,J606,J607,J1103,J1104,J1105,J1106 | B54: 8 | C54: Conn_01x02 | G54: Connector_Phoenix_MC:PhoenixContact_MCV_1,5_2-G-3.81_1x02_P3.81mm_Vertical | H54: ~ | I54: C8396 | J54: 1.905;0;180 | M54: =_xlfn.LET(_xlpm.key,A54,_xlpm.newHash,G54,_xlpm.oldHash,_xlfn.XLOOKUP(_xlpm.key,Halmet!A:A,Halmet!G:G,""),OR(_xlpm.oldHash="",_xlpm.oldHash<>_xlpm.newHash)) -> FALSE
A55: J702 | B55: 1 | C55: Conn_01x04 | G55: Connector_PinSocket_2.54mm:PinSocket_1x04_P2.54mm_Vertical | H55: ~ | I55: C124413 | J55: 0;3.81;90 | M55: =_xlfn.LET(_xlpm.key,A55,_xlpm.newHash,G55,_xlpm.oldHash,_xlfn.XLOOKUP(_xlpm.key,Halmet!A:A,Halmet!G:G,""),OR(_xlpm.oldHash="",_xlpm.oldHash<>_xlpm.newHash)) -> FALSE
A56: J801 | B56: 1 | C56: Conn_01x03 | G56: Connector_PinHeader_2.54mm:PinHeader_1x03_P2.54mm_Vertical | H56: ~ | I56: C49257 | J56: 0;2.54;90 | M56: =_xlfn.LET(_xlpm.key,A56,_xlpm.newHash,G56,_xlpm.oldHash,_xlfn.XLOOKUP(_xlpm.key,Halmet!A:A,Halmet!G:G,""),OR(_xlpm.oldHash="",_xlpm.oldHash<>_xlpm.newHash)) -> FALSE
A57: J802 | B57: 1 | C57: Conn_01x04 | G57: Connector_Phoenix_MC:PhoenixContact_MCV_1,5_4-G-3.81_1x04_P3.81mm_Vertical | H57: ~ | I57: C8410 | J57: 5.715;0;180 | M57: =_xlfn.LET(_xlpm.key,A57,_xlpm.newHash,G57,_xlpm.oldHash,_xlfn.XLOOKUP(_xlpm.key,Halmet!A:A,Halmet!G:G,""),OR(_xlpm.oldHash="",_xlpm.oldHash<>_xlpm.newHash)) -> FALSE
A58: JP1 | B58: 1 | C58: Jumper_2_Small_Open | G58: Connector_PinHeader_2.00mm:PinHeader_1x02_P2.00mm_Vertical | H58: ~ | I58: C541856 | M58: =_xlfn.LET(_xlpm.key,A58,_xlpm.newHash,G58,_xlpm.oldHash,_xlfn.XLOOKUP(_xlpm.key,Halmet!A:A,Halmet!G:G,""),OR(_xlpm.oldHash="",_xlpm.oldHash<>_xlpm.newHash)) -> TRUE
A59: JP601,JP1101,JP1102,JP1103,JP1104,JP1105,JP1106,JP1107,JP1108,JP1109,JP1110,JP1111,JP1112 | B59: 13 | C59: SolderJumper_2_Open | G59: HALMET:SolderJumper-2_P1.3mm_Open_TrianglePad_Narrow | H59: ~ | M59: =_xlfn.LET(_xlpm.key,A59,_xlpm.newHash,G59,_xlpm.oldHash,_xlfn.XLOOKUP(_xlpm.key,Halmet!A:A,Halmet!G:G,""),OR(_xlpm.oldHash="",_xlpm.oldHash<>_xlpm.newHash)) -> FALSE
A60: JP602,JP604,JP605 | B60: 3 | C60: Open | G60: Jumper:SolderJumper-2_P1.3mm_Open_Pad1.0x1.5mm | H60: ~ | M60: =_xlfn.LET(_xlpm.key,A60,_xlpm.newHash,G60,_xlpm.oldHash,_xlfn.XLOOKUP(_xlpm.key,Halmet!A:A,Halmet!G:G,""),OR(_xlpm.oldHash="",_xlpm.oldHash<>_xlpm.newHash)) -> FALSE
A61: JP603 | B61: 1 | C61: Bridged | G61: Jumper:SolderJumper-2_P1.3mm_Bridged2Bar_RoundedPad1.0x1.5mm | H61: ~ | M61: =_xlfn.LET(_xlpm.key,A61,_xlpm.newHash,G61,_xlpm.oldHash,_xlfn.XLOOKUP(_xlpm.key,Halmet!A:A,Halmet!G:G,""),OR(_xlpm.oldHash="",_xlpm.oldHash<>_xlpm.newHash)) -> FALSE
A62: L1201,L1202 | B62: 2 | C62: CMH201209B4R7MT | G62: Inductor_SMD:L_0805_2012Metric | H62: ~ | I62: C394959 | M62: =_xlfn.LET(_xlpm.key,A62,_xlpm.newHash,G62,_xlpm.oldHash,_xlfn.XLOOKUP(_xlpm.key,Halmet!A:A,Halmet!G:G,""),OR(_xlpm.oldHash="",_xlpm.oldHash<>_xlpm.newHash)) -> FALSE
A63: L301 | B63: 1 | C63: SMMS0650-470M | G63: HALMET:SMMS0650-1R0M | H63: ~ | I63: C149588 | M63: =_xlfn.LET(_xlpm.key,A63,_xlpm.newHash,G63,_xlpm.oldHash,_xlfn.XLOOKUP(_xlpm.key,Halmet!A:A,Halmet!G:G,""),OR(_xlpm.oldHash="",_xlpm.oldHash<>_xlpm.newHash)) -> FALSE
A64: L701 | B64: 1 | C64: NLCV32T-100K-EFR | G64: Inductor_SMD:L_1210_3225Metric | H64: ~ | I64: C295195 | M64: =_xlfn.LET(_xlpm.key,A64,_xlpm.newHash,G64,_xlpm.oldHash,_xlfn.XLOOKUP(_xlpm.key,Halmet!A:A,Halmet!G:G,""),OR(_xlpm.oldHash="",_xlpm.oldHash<>_xlpm.newHash)) -> FALSE
A65: PS1201 | B65: 1 | C65: B0305S-1WR3 | G65: Converter_DCDC:Converter_DCDC_Murata_MEE1SxxxxSC_THT | I65: C7465186 | J65: 0;3.81;270 | M65: =_xlfn.LET(_xlpm.key,A65,_xlpm.newHash,G65,_xlpm.oldHash,_xlfn.XLOOKUP(_xlpm.key,Halmet!A:A,Halmet!G:G,""),OR(_xlpm.oldHash="",_xlpm.oldHash<>_xlpm.newHash)) -> FALSE
A66: Q401,Q402 | B66: 2 | C66: S8050 | G66: Package_TO_SOT_SMD:SOT-23 | H66: http://www.unisonic.com.tw/datasheet/S8050.pdf | I66: C2146 | J66: 0;0;180 | M66: =_xlfn.LET(_xlpm.key,A66,_xlpm.newHash,G66,_xlpm.oldHash,_xlfn.XLOOKUP(_xlpm.key,Halmet!A:A,Halmet!G:G,""),OR(_xlpm.oldHash="",_xlpm.oldHash<>_xlpm.newHash)) -> FALSE
A67: Q601,Q602,Q603,Q604 | B67: 4 | C67: BC856BW,115 | G67: Package_TO_SOT_SMD:SOT-323_SC-70 | H67: ~ | I67: C28063 | J67: 0;0;180 | M67: =_xlfn.LET(_xlpm.key,A67,_xlpm.newHash,G67,_xlpm.oldHash,_xlfn.XLOOKUP(_xlpm.key,Halmet!A:A,Halmet!G:G,""),OR(_xlpm.oldHash="",_xlpm.oldHash<>_xlpm.newHash)) -> FALSE
A68: R1001,R1002 | B68: 2 | C68: 1.5k | G68: Resistor_SMD:R_0402_1005Metric | H68: ~ | I68: C25867 | M68: =_xlfn.LET(_xlpm.key,A68,_xlpm.newHash,G68,_xlpm.oldHash,_xlfn.XLOOKUP(_xlpm.key,Halmet!A:A,Halmet!G:G,""),OR(_xlpm.oldHash="",_xlpm.oldHash<>_xlpm.newHash)) -> FALSE
A69: R1106,R1107,R1108,R1109 | B69: 4 | C69: 100k | G69: Resistor_SMD:R_0402_1005Metric | H69: ~ | I69: C25741 | M69: =_xlfn.LET(_xlpm.key,A69,_xlpm.newHash,G69,_xlpm.oldHash,_xlfn.XLOOKUP(_xlpm.key,Halmet!A:A,Halmet!G:G,""),OR(_xlpm.oldHash="",_xlpm.oldHash<>_xlpm.newHash)) -> FALSE
A70: R1201 | B70: 1 | C70: 330R | G70: Resistor_SMD:R_0402_1005Metric | H70: ~ | I70: C25104 | M70: =_xlfn.LET(_xlpm.key,A70,_xlpm.newHash,G70,_xlpm.oldHash,_xlfn.XLOOKUP(_xlpm.key,Halmet!A:A,Halmet!G:G,""),OR(_xlpm.oldHash="",_xlpm.oldHash<>_xlpm.newHash)) -> FALSE
A71: R201,R213,R401,R402,R503,R612,R1103 | B71: 7 | C71: 10k | G71: Resistor_SMD:R_0402_1005Metric | H71: ~ | I71: C25744 | M71: =_xlfn.LET(_xlpm.key,A71,_xlpm.newHash,G71,_xlpm.oldHash,_xlfn.XLOOKUP(_xlpm.key,Halmet!A:A,Halmet!G:G,""),OR(_xlpm.oldHash="",_xlpm.oldHash<>_xlpm.newHash)) -> FALSE
A72: R204,R505 | B72: 2 | C72: 240R | G72: Resistor_SMD:R_0402_1005Metric | H72: ~ | I72: C25094 | M72: =_xlfn.LET(_xlpm.key,A72,_xlpm.newHash,G72,_xlpm.oldHash,_xlfn.XLOOKUP(_xlpm.key,Halmet!A:A,Halmet!G:G,""),OR(_xlpm.oldHash="",_xlpm.oldHash<>_xlpm.newHash)) -> TRUE
A73: R205,R603,R604,R605,R606,R611 | B73: 6 | C73: 1k | G73: Resistor_SMD:R_0402_1005Metric | H73: ~ | I73: C11702 | M73: =_xlfn.LET(_xlpm.key,A73,_xlpm.newHash,G73,_xlpm.oldHash,_xlfn.XLOOKUP(_xlpm.key,Halmet!A:A,Halmet!G:G,""),OR(_xlpm.oldHash="",_xlpm.oldHash<>_xlpm.newHash)) -> TRUE
A74: R206 | B74: 1 | C74: 2.7k | G74: Resistor_SMD:R_0402_1005Metric | H74: ~ | I74: C25885 | M74: =_xlfn.LET(_xlpm.key,A74,_xlpm.newHash,G74,_xlpm.oldHash,_xlfn.XLOOKUP(_xlpm.key,Halmet!A:A,Halmet!G:G,""),OR(_xlpm.oldHash="",_xlpm.oldHash<>_xlpm.newHash)) -> TRUE
A75: R403,R404 | B75: 2 | C75: 27R | G75: Resistor_SMD:R_0201_0603Metric | H75: ~ | I75: C270320 | M75: =_xlfn.LET(_xlpm.key,A75,_xlpm.newHash,G75,_xlpm.oldHash,_xlfn.XLOOKUP(_xlpm.key,Halmet!A:A,Halmet!G:G,""),OR(_xlpm.oldHash="",_xlpm.oldHash<>_xlpm.newHash)) -> TRUE
A76: R501,R502,R701,R702,R1202,R1203 | B76: 6 | C76: 2k | G76: Resistor_SMD:R_0402_1005Metric | H76: ~ | I76: C4109 | M76: =_xlfn.LET(_xlpm.key,A76,_xlpm.newHash,G76,_xlpm.oldHash,_xlfn.XLOOKUP(_xlpm.key,Halmet!A:A,Halmet!G:G,""),OR(_xlpm.oldHash="",_xlpm.oldHash<>_xlpm.newHash)) -> FALSE
A77: R504 | B77: 1 | C77: 75R | G77: Resistor_SMD:R_0402_1005Metric | H77: ~ | I77: C25133 | M77: =_xlfn.LET(_xlpm.key,A77,_xlpm.newHash,G77,_xlpm.oldHash,_xlfn.XLOOKUP(_xlpm.key,Halmet!A:A,Halmet!G:G,""),OR(_xlpm.oldHash="",_xlpm.oldHash<>_xlpm.newHash)) -> TRUE
A78: R601,R602 | B78: 2 | C78: 240R | G78: Resistor_SMD:R_0805_2012Metric | H78: ~ | I78: C17572 | M78: =_xlfn.LET(_xlpm.key,A78,_xlpm.newHash,G78,_xlpm.oldHash,_xlfn.XLOOKUP(_xlpm.key,Halmet!A:A,Halmet!G:G,""),OR(_xlpm.oldHash="",_xlpm.oldHash<>_xlpm.newHash)) -> FALSE
A79: R607,R608,R609,R610 | B79: 4 | C79: 30 | G79: Resistor_SMD:R_0603_1608Metric | H79: ~ | I79: C22985 | M79: =_xlfn.LET(_xlpm.key,A79,_xlpm.newHash,G79,_xlpm.oldHash,_xlfn.XLOOKUP(_xlpm.key,Halmet!A:A,Halmet!G:G,""),OR(_xlpm.oldHash="",_xlpm.oldHash<>_xlpm.newHash)) -> FALSE
A80: R613,R614,R616,R618,R1101,R1102,R1104,R1105 | B80: 8 | C80: 20k | G80: Resistor_SMD:R_0603_1608Metric | H80: ~ | I80: C4184 | M80: =_xlfn.LET(_xlpm.key,A80,_xlpm.newHash,G80,_xlpm.oldHash,_xlfn.XLOOKUP(_xlpm.key,Halmet!A:A,Halmet!G:G,""),OR(_xlpm.oldHash="",_xlpm.oldHash<>_xlpm.newHash)) -> FALSE
A81: R615,R617,R619,R621,R801 | B81: 5 | C81: 2.2k | G81: Resistor_SMD:R_0402_1005Metric | H81: ~ | I81: C25879 | M81: =_xlfn.LET(_xlpm.key,A81,_xlpm.newHash,G81,_xlpm.oldHash,_xlfn.XLOOKUP(_xlpm.key,Halmet!A:A,Halmet!G:G,""),OR(_xlpm.oldHash="",_xlpm.oldHash<>_xlpm.newHash)) -> FALSE
A82: R703 | B82: 1 | C82: 4.7R | G82: Resistor_SMD:R_0603_1608Metric | H82: ~ | I82: C23164 | M82: =_xlfn.LET(_xlpm.key,A82,_xlpm.newHash,G82,_xlpm.oldHash,_xlfn.XLOOKUP(_xlpm.key,Halmet!A:A,Halmet!G:G,""),OR(_xlpm.oldHash="",_xlpm.oldHash<>_xlpm.newHash)) -> FALSE
A83: R802 | B83: 1 | C83: 100R | G83: Resistor_SMD:R_0805_2012Metric | H83: ~ | I83: C17408 | M83: =_xlfn.LET(_xlpm.key,A83,_xlpm.newHash,G83,_xlpm.oldHash,_xlfn.XLOOKUP(_xlpm.key,Halmet!A:A,Halmet!G:G,""),OR(_xlpm.oldHash="",_xlpm.oldHash<>_xlpm.newHash)) -> FALSE
A84: SW501,SW502 | B84: 2 | C84: SW_Push | G84: Button_Switch_SMD:SW_SPST_TL3342 | H84: ~ | I84: C318887 | M84: =_xlfn.LET(_xlpm.key,A84,_xlpm.newHash,G84,_xlpm.oldHash,_xlfn.XLOOKUP(_xlpm.key,Halmet!A:A,Halmet!G:G,""),OR(_xlpm.oldHash="",_xlpm.oldHash<>_xlpm.newHash)) -> FALSE
A85: U1101,U1102,U1103,U1104 | B85: 4 | C85: 74LVC1G17 | G85: Package_TO_SOT_SMD:SOT-353_SC-70-5 | H85: https://www.ti.com/lit/ds/symlink/sn74lvc1g17.pdf | I85: C212314 | J85: 0;0;270 | M85: =_xlfn.LET(_xlpm.key,A85,_xlpm.newHash,G85,_xlpm.oldHash,_xlfn.XLOOKUP(_xlpm.key,Halmet!A:A,Halmet!G:G,""),OR(_xlpm.oldHash="",_xlpm.oldHash<>_xlpm.newHash)) -> FALSE
A86: U1200 | B86: 1 | C86: ICM-42688-P | G86: BLUEFIN:PQFN50P300X250X97-14N | H86: https://jlcpcb.com/api/file/downloadByFileSystemAccessId/8588902275431469056 | I86: C1850418 | M86: =_xlfn.LET(_xlpm.key,A86,_xlpm.newHash,G86,_xlpm.oldHash,_xlfn.XLOOKUP(_xlpm.key,Halmet!A:A,Halmet!G:G,""),OR(_xlpm.oldHash="",_xlpm.oldHash<>_xlpm.newHash)) -> TRUE
A87: U1201 | B87: 1 | C87: Ï€140U30 | G87: Package_SO:SOIC-16_4.55x10.3mm_P1.27mm | H87: https://datasheet.lcsc.com/lcsc/2010300934_2Pai-Semi--140U30_C910134.pdf | I87: C910134 | J87: 0;0;270 | M87: =_xlfn.LET(_xlpm.key,A87,_xlpm.newHash,G87,_xlpm.oldHash,_xlfn.XLOOKUP(_xlpm.key,Halmet!A:A,Halmet!G:G,""),OR(_xlpm.oldHash="",_xlpm.oldHash<>_xlpm.newHash)) -> FALSE
A88: U1202 | B88: 1 | C88: ISO1540 | G88: Package_SO:SOIC-8_3.9x4.9mm_P1.27mm | H88: http://www.ti.com/lit/ds/symlink/iso1541.pdf | I88: C179739 | J88: 0;0;270 | M88: =_xlfn.LET(_xlpm.key,A88,_xlpm.newHash,G88,_xlpm.oldHash,_xlfn.XLOOKUP(_xlpm.key,Halmet!A:A,Halmet!G:G,""),OR(_xlpm.oldHash="",_xlpm.oldHash<>_xlpm.newHash)) -> FALSE
A89: U1203 | B89: 1 | C89: XC6206P332MR | G89: Package_TO_SOT_SMD:SOT-23-3 | I89: C5446 | J89: 0;0;180 | M89: =_xlfn.LET(_xlpm.key,A89,_xlpm.newHash,G89,_xlpm.oldHash,_xlfn.XLOOKUP(_xlpm.key,Halmet!A:A,Halmet!G:G,""),OR(_xlpm.oldHash="",_xlpm.oldHash<>_xlpm.newHash)) -> FALSE
A90: U201 | B90: 1 | C90: ESP32-S3-WROOM-1U-N16R8 | G90: RF_Module:ESP32-S3-WROOM-1U | H90: https://www.espressif.com/sites/default/files/documentation/esp32-s3-wroom-1_wroom-1u_datasheet_en.pdf | I90: C3013946 | J90: 0;0.75;270 | M90: =_xlfn.LET(_xlpm.key,A90,_xlpm.newHash,G90,_xlpm.oldHash,_xlfn.XLOOKUP(_xlpm.key,Halmet!A:A,Halmet!G:G,""),OR(_xlpm.oldHash="",_xlpm.oldHash<>_xlpm.newHash)) -> TRUE
A91: U202 | B91: 1 | C91: XL1509-3.3 | G91: Package_SO:SOP-8_3.9x4.9mm_P1.27mm | I91: C2681226 | J91: 0;0;270 | M91: =_xlfn.LET(_xlpm.key,A91,_xlpm.newHash,G91,_xlpm.oldHash,_xlfn.XLOOKUP(_xlpm.key,Halmet!A:A,Halmet!G:G,""),OR(_xlpm.oldHash="",_xlpm.oldHash<>_xlpm.newHash)) -> FALSE
A92: U203 | B92: 1 | C92: LM317L_SOT-89 | G92: Package_TO_SOT_SMD:SOT-89-3 | H92: http://www.ti.com/lit/ds/symlink/lm317l.pdf | I92: C5444280 | M92: =_xlfn.LET(_xlpm.key,A92,_xlpm.newHash,G92,_xlpm.oldHash,_xlfn.XLOOKUP(_xlpm.key,Halmet!A:A,Halmet!G:G,""),OR(_xlpm.oldHash="",_xlpm.oldHash<>_xlpm.newHash)) -> TRUE
A93: U401 | B93: 1 | C93: CH340C | G93: Package_SO:SOIC-16_3.9x9.9mm_P1.27mm | H93: https://datasheet.lcsc.com/szlcsc/Jiangsu-Qin-Heng-CH340C_C84681.pdf | I93: C84681 | J93: 0;0;270 | M93: =_xlfn.LET(_xlpm.key,A93,_xlpm.newHash,G93,_xlpm.oldHash,_xlfn.XLOOKUP(_xlpm.key,Halmet!A:A,Halmet!G:G,""),OR(_xlpm.oldHash="",_xlpm.oldHash<>_xlpm.newHash)) -> FALSE
A94: U402 | B94: 1 | C94: USBLC6-2SC6 | G94: Package_TO_SOT_SMD:SOT-23-6 | H94: https://www.st.com/resource/en/datasheet/usblc6-2.pdf | I94: C7519 | M94: =_xlfn.LET(_xlpm.key,A94,_xlpm.newHash,G94,_xlpm.oldHash,_xlfn.XLOOKUP(_xlpm.key,Halmet!A:A,Halmet!G:G,""),OR(_xlpm.oldHash="",_xlpm.oldHash<>_xlpm.newHash)) -> TRUE
A95: U501 | B95: 1 | C95: SN65HVD230DR | G95: Package_SO:SOIC-8_3.9x4.9mm_P1.27mm | H95: http://www.ti.com/lit/ds/symlink/sn65hvd230.pdf | I95: C12084 | J95: 0;0;270 | M95: =_xlfn.LET(_xlpm.key,A95,_xlpm.newHash,G95,_xlpm.oldHash,_xlfn.XLOOKUP(_xlpm.key,Halmet!A:A,Halmet!G:G,""),OR(_xlpm.oldHash="",_xlpm.oldHash<>_xlpm.newHash)) -> FALSE
A96: U502 | B96: 1 | C96: SP3485EN | G96: Package_SO:SOIC-8_3.9x4.9mm_P1.27mm | H96: http://www.icbase.com/pdf/SPX/SPX00480106.pdf | I96: C8963 | M96: =_xlfn.LET(_xlpm.key,A96,_xlpm.newHash,G96,_xlpm.oldHash,_xlfn.XLOOKUP(_xlpm.key,Halmet!A:A,Halmet!G:G,""),OR(_xlpm.oldHash="",_xlpm.oldHash<>_xlpm.newHash)) -> TRUE
A97: U601 | B97: 1 | C97: LMV324 | G97: Package_SO:SOIC-14_3.9x8.7mm_P1.27mm | H97: http://www.ti.com/lit/ds/symlink/lmv324.pdf | I97: C362275 | J97: 0;0;270 | M97: =_xlfn.LET(_xlpm.key,A97,_xlpm.newHash,G97,_xlpm.oldHash,_xlfn.XLOOKUP(_xlpm.key,Halmet!A:A,Halmet!G:G,""),OR(_xlpm.oldHash="",_xlpm.oldHash<>_xlpm.newHash)) -> FALSE
A98: U602 | B98: 1 | C98: ADS1115IDGS | G98: Package_SO:TSSOP-10_3x3mm_P0.5mm | H98: http://www.ti.com/lit/ds/symlink/ads1113.pdf | I98: C37593 | J98: 0;0;270 | M98: =_xlfn.LET(_xlpm.key,A98,_xlpm.newHash,G98,_xlpm.oldHash,_xlfn.XLOOKUP(_xlpm.key,Halmet!A:A,Halmet!G:G,""),OR(_xlpm.oldHash="",_xlpm.oldHash<>_xlpm.newHash)) -> FALSE

Sheet Halmet
A1: Reference | B1: Qty | C1: Value | D1: DNP | E1: Exclude from BOM | F1: Exclude from Board | G1: Footprint | H1: Datasheet | I1: LCSC | J1: JLCPCB_CORRECTION
A2: C1101,C1102,C1103,C1112 | B2: 4 | C2: 3.3nF | G2: Capacitor_SMD:C_0402_1005Metric | H2: ~ | I2: C26404
A3: C1104,C1105,C1106,C1107 | B3: 4 | C3: 220pF | G3: Resistor_SMD:R_0402_1005Metric | H3: ~ | I3: C1530
A4: C1201,C1202,C1208,C1210 | B4: 4 | C4: 4.7uF | G4: Capacitor_SMD:C_0402_1005Metric | H4: ~ | I4: C23733
A5: C1203 | B5: 1 | C5: 10uF/10V | G5: Capacitor_SMD:C_0603_1608Metric | H5: ~ | I5: C19702
A6: C1209 | B6: 1 | C6: 220pF/2kV | G6: HALMET:C_1808_4520Metric | H6: ~ | I6: C2940747
A7: C202 | B7: 1 | C7: 22uF | G7: Capacitor_SMD:C_0603_1608Metric | H7: ~ | I7: C59461
A8: C203 | B8: 1 | C8: 1uF | G8: Capacitor_SMD:C_0402_1005Metric | H8: ~ | I8: C52923
A9: C304 | B9: 1 | C9: 47uF/6.3V | G9: Capacitor_SMD:C_1206_3216Metric | H9: ~ | I9: C96123
A10: C402 | B10: 1 | C10: 4.7uF/16V | G10: Capacitor_SMD:C_0603_1608Metric | H10: ~ | I10: C19666
A11: C403,C404 | B11: 2 | C11: 10pF/50V | E11: Excluded from BOM | G11: Capacitor_SMD:C_0402_1005Metric | H11: ~ | I11: C32949
A12: C501,C502 | B12: 2 | C12: 100nF/50V | G12: Capacitor_SMD:C_0603_1608Metric | H12: ~ | I12: C14663
A13: C503,C715 | B13: 2 | C13: 1uF/50V | G13: Capacitor_SMD:C_0805_2012Metric | H13: ~ | I13: C28323
A14: C601,C604,C612,C614,C705,C706 | B14: 6 | C14: 33pF/50V | G14: Capacitor_SMD:C_0603_1608Metric | H14: ~ | I14: C1663
A15: C602,C606,C607,C608,C609,C610,C624,C901,C1113,C1114,C1115,C1116,C1204,C1205,C1206,C1207 | B15: 16 | C15: 100nF | G15: Capacitor_SMD:C_0402_1005Metric | H15: ~ | I15: C1525
A16: C603,C605,C613,C615,C702,C703 | B16: 6 | C16: 33pF | G16: Capacitor_SMD:C_0402_1005Metric | H16: ~ | I16: C1562
A17: C611 | B17: 1 | C17: 68nF | G17: Capacitor_SMD:C_0603_1608Metric | H17: ~ | I17: C31658
A18: C620,C621,C622,C623 | B18: 4 | C18: 10nF | G18: Capacitor_SMD:C_0402_1005Metric | H18: ~ | I18: C15195
A19: C701,C801 | B19: 2 | C19: 10uF | G19: Capacitor_SMD:C_0402_1005Metric | H19: ~ | I19: C15525
A20: C704,C707,C708,C709,C710,C711,C712,C714,C803 | B20: 9 | C20: 10uF/50V | G20: Capacitor_SMD:C_1206_3216Metric | H20: ~ | I20: C13585
A21: C713 | B21: 1 | C21: 4.7nF/50V | G21: Capacitor_SMD:C_0402_1005Metric | H21: ~ | I21: C1538
A22: C716 | B22: 1 | C22: 4.7uF/50V | G22: Capacitor_SMD:C_1206_3216Metric | H22: ~ | I22: C29823
A23: C802 | B23: 1 | C23: 1nF/50V | G23: Capacitor_SMD:C_0603_1608Metric | H23: ~ | I23: C1588
A24: D1001,D1002 | B24: 2 | C24: GREEN LED | G24: LED_SMD:LED_0603_1608Metric | H24: ~ | I24: C965804
A25: D1101,D1102 | B25: 2 | C25: BAT54A | G25: Package_TO_SOT_SMD:SOT-323_SC-70 | I25: C78261 | J25: 0;0;180
A26: D201,D303,D701 | B26: 3 | C26: B5819W | G26: Diode_SMD:D_SOD-123 | H26: ~ | I26: C8598
A27: D301 | B27: 1 | C27: SMBJ33CA | G27: Diode_SMD:D_SMB | H27: ~ | I27: C114000
A28: D401,D402,D403,D503,D504,D903,D904,D905 | B28: 8 | C28: ESD5451N | G28: Diode_SMD:D_0402_1005Metric | H28: ~ | I28: C2936977
A29: D501 | B29: 1 | C29: BLUE LED | G29: LED_SMD:LED_0603_1608Metric | H29: ~ | I29: C84266
A30: D502 | B30: 1 | C30: RED LED | G30: LED_SMD:LED_0603_1608Metric | H30: ~ | I30: C2286
A31: D603,D604,D605,D611,D1103,D1104,D1105,D1113 | B31: 8 | C31: BAT54S | G31: Package_TO_SOT_SMD:SOT-323_SC-70 | H31: https://www.diodes.com/assets/Datasheets/ds11005.pdf | I31: C12741 | J31: 0;0;180
A32: D801 | B32: 1 | C32: SM24CANB | G32: Package_TO_SOT_SMD:SOT-23 | H32: ~ | I32: C41376477 | J32: 0;0;180
A33: F301 | B33: 1 | C33: mSMD050-60V | G33: Fuse:Fuse_1812_4532Metric | H33: ~ | I33: C70113
A34: F401 | B34: 1 | C34: BSMD1206-100-6V | G34: Fuse:Fuse_1206_3216Metric | H34: https://datasheet.lcsc.com/lcsc/2305121423_BHFUSE-BSMD1206-100-6V_C883129.pdf | I34: C883129
A35: FB401,FB701,FB704,FB801 | B35: 4 | C35: GZ2012D601TF | G35: Inductor_SMD:L_0805_2012Metric | H35: ~ | I35: C1017
A36: FB601,FB602,FB603,FB604,FB702,FB703 | B36: 6 | C36: GZ2012D101TF | G36: Inductor_SMD:L_0805_2012Metric | H36: ~ | I36: C1015
A37: G601 | B37: 1 | C37: CC-BY | E37: Excluded from BOM | G37: HALMET:cc-by_5mm | H37: ~
A38: G602 | B38: 1 | C38: CE-logo | E38: Excluded from BOM | G38: Symbol:CE-Logo_11.2x8mm_SilkScreen | H38: ~
A39: G603 | B39: 1 | C39: WEEE-logo | E39: Excluded from BOM | F39: Excluded from board | G39: Symbol:WEEE-Logo_5.6x8mm_SilkScreen | H39: ~
A40: G604 | B40: 1 | C40: OSHW-logo | E40: Excluded from BOM | F40: Excluded from board | G40: Symbol:OSHW-Logo2_9.8x8mm_SilkScreen | H40: ~
A41: G605 | B41: 1 | C41: HL-Logo | E41: Excluded from BOM | G41: HALMET:Hat_Labs_25.4mm | H41: ~
A42: G701 | B42: 1 | C42: HL-Pictogram | E42: Excluded from BOM | G42: HALMET:HaL_picto_8mm | H42: ~
A43: H1001,H1002 | B43: 2 | C43: MountingHole | G43: HALMET:MountingSlot_3.2mm_M3_Unplated | H43: ~
A44: J201 | B44: 1 | C44: GPIO | G44: Connector_PinHeader_2.54mm:PinHeader_2x10_P2.54mm_Vertical | H44: ~ | J44: 1.27;24.13;90
A45: J203 | B45: 1 | C45: Conn_01x01 | E45: Excluded from BOM | G45: TestPoint:TestPoint_Pad_D2.0mm | H45: ~
A46: J302,J1201 | B46: 2 | C46: Conn_01x02 | G46: Connector_PinHeader_2.54mm:PinHeader_1x02_P2.54mm_Vertical | H46: ~
A47: J401 | B47: 1 | C47: USB_B_Micro | G47: Connector_USB:USB_Micro-B_Wuerth_614105150721_Vertical | H47: ~ | I47: C145795 | J47: 1.3;0.5;0
A48: J602 | B48: 1 | C48: Conn_02x04_Odd_Even | G48: Connector_PinHeader_2.54mm:PinHeader_2x04_P2.54mm_Vertical | H48: ~ | I48: C124386 | J48: 1.27;3.81;90
A49: J604,J605,J606,J607,J1103,J1104,J1105,J1106 | B49: 8 | C49: Conn_01x02 | G49: Connector_Phoenix_MC:PhoenixContact_MCV_1,5_2-G-3.81_1x02_P3.81mm_Vertical | H49: ~ | I49: C8396 | J49: 1.905;0;180
A50: J702 | B50: 1 | C50: Conn_01x04 | G50: Connector_PinSocket_2.54mm:PinSocket_1x04_P2.54mm_Vertical | H50: ~ | I50: C124413 | J50: 0;3.81;90
A51: J801 | B51: 1 | C51: Conn_01x03 | G51: Connector_PinHeader_2.54mm:PinHeader_1x03_P2.54mm_Vertical | H51: ~ | I51: C49257 | J51: 0;2.54;90
A52: J802 | B52: 1 | C52: Conn_01x04 | G52: Connector_Phoenix_MC:PhoenixContact_MCV_1,5_4-G-3.81_1x04_P3.81mm_Vertical | H52: ~ | I52: C8410 | J52: 5.715;0;180
A53: JP601,JP1101,JP1102,JP1103,JP1104,JP1105,JP1106,JP1107,JP1108,JP1109,JP1110,JP1111,JP1112 | B53: 13 | C53: SolderJumper_2_Open | G53: HALMET:SolderJumper-2_P1.3mm_Open_TrianglePad_Narrow | H53: ~
A54: JP602,JP604,JP605 | B54: 3 | C54: Open | G54: Jumper:SolderJumper-2_P1.3mm_Open_Pad1.0x1.5mm | H54: ~
A55: JP603 | B55: 1 | C55: Bridged | G55: Jumper:SolderJumper-2_P1.3mm_Bridged2Bar_RoundedPad1.0x1.5mm | H55: ~
A56: L1201,L1202 | B56: 2 | C56: CMH201209B4R7MT | G56: Inductor_SMD:L_0805_2012Metric | H56: ~ | I56: C394959
A57: L301 | B57: 1 | C57: SMMS0650-470M | G57: HALMET:SMMS0650-1R0M | H57: ~ | I57: C149588
A58: L701 | B58: 1 | C58: NLCV32T-100K-EFR | G58: Inductor_SMD:L_1210_3225Metric | H58: ~ | I58: C295195
A59: PS1201 | B59: 1 | C59: B0305S-1WR3 | G59: Converter_DCDC:Converter_DCDC_Murata_MEE1SxxxxSC_THT | I59: C7465186 | J59: 0;3.81;270
A60: Q401,Q402 | B60: 2 | C60: S8050 | G60: Package_TO_SOT_SMD:SOT-23 | H60: http://www.unisonic.com.tw/datasheet/S8050.pdf | I60: C2146 | J60: 0;0;180
A61: Q601,Q602,Q603,Q604 | B61: 4 | C61: BC856BW,115 | G61: Package_TO_SOT_SMD:SOT-323_SC-70 | H61: ~ | I61: C28063 | J61: 0;0;180
A62: R1001,R1002 | B62: 2 | C62: 1.5k | G62: Resistor_SMD:R_0402_1005Metric | H62: ~ | I62: C25867
A63: R1106,R1107,R1108,R1109 | B63: 4 | C63: 100k | G63: Resistor_SMD:R_0402_1005Metric | H63: ~ | I63: C25741
A64: R1201 | B64: 1 | C64: 330R | G64: Resistor_SMD:R_0402_1005Metric | H64: ~ | I64: C25104
A65: R201,R213,R401,R402,R503,R612,R1103 | B65: 7 | C65: 10k | G65: Resistor_SMD:R_0402_1005Metric | H65: ~ | I65: C25744
A66: R501,R502,R701,R702,R1202,R1203 | B66: 6 | C66: 2k | G66: Resistor_SMD:R_0402_1005Metric | H66: ~ | I66: C4109
A67: R601,R602 | B67: 2 | C67: 240R | G67: Resistor_SMD:R_0805_2012Metric | H67: ~ | I67: C17572
A68: R603,R604,R605,R606,R611 | B68: 5 | C68: 1k | G68: Resistor_SMD:R_0402_1005Metric | H68: ~ | I68: C11702
A69: R607,R608,R609,R610 | B69: 4 | C69: 30 | G69: Resistor_SMD:R_0603_1608Metric | H69: ~ | I69: C22985
A70: R613,R614,R616,R618,R1101,R1102,R1104,R1105 | B70: 8 | C70: 20k | G70: Resistor_SMD:R_0603_1608Metric | H70: ~ | I70: C4184
A71: R615,R617,R619,R621,R801 | B71: 5 | C71: 2.2k | G71: Resistor_SMD:R_0402_1005Metric | H71: ~ | I71: C25879
A72: R703 | B72: 1 | C72: 4.7R | G72: Resistor_SMD:R_0603_1608Metric | H72: ~ | I72: C23164
A73: R802 | B73: 1 | C73: 100R | G73: Resistor_SMD:R_0805_2012Metric | H73: ~ | I73: C17408
A74: SW501,SW502 | B74: 2 | C74: SW_Push | G74: Button_Switch_SMD:SW_SPST_TL3342 | H74: ~ | I74: C318887
A75: U1101,U1102,U1103,U1104 | B75: 4 | C75: 74LVC1G17 | G75: Package_TO_SOT_SMD:SOT-353_SC-70-5 | H75: https://www.ti.com/lit/ds/symlink/sn74lvc1g17.pdf | I75: C212314 | J75: 0;0;270
A76: U1201 | B76: 1 | C76: Ï€140U30 | G76: Package_SO:SOIC-16_4.55x10.3mm_P1.27mm | H76: https://datasheet.lcsc.com/lcsc/2010300934_2Pai-Semi--140U30_C910134.pdf | I76: C910134 | J76: 0;0;270
A77: U1202 | B77: 1 | C77: ISO1540 | G77: Package_SO:SOIC-8_3.9x4.9mm_P1.27mm | H77: http://www.ti.com/lit/ds/symlink/iso1541.pdf | I77: C179739 | J77: 0;0;270
A78: U1203 | B78: 1 | C78: XC6206P332MR | G78: Package_TO_SOT_SMD:SOT-23-3 | I78: C5446 | J78: 0;0;180
A79: U201 | B79: 1 | C79: ESP32-WROOM-32E-N16 | G79: RF_Module:ESP32-WROOM-32 | H79: https://www.espressif.com/sites/default/files/documentation/esp32-wroom-32_datasheet_en.pdf | I79: C701343 | J79: 0;0.75;270
A80: U202 | B80: 1 | C80: XL1509-3.3 | G80: Package_SO:SOP-8_3.9x4.9mm_P1.27mm | I80: C2681226 | J80: 0;0;270
A81: U401 | B81: 1 | C81: CH340C | G81: Package_SO:SOIC-16_3.9x9.9mm_P1.27mm | H81: https://datasheet.lcsc.com/szlcsc/Jiangsu-Qin-Heng-CH340C_C84681.pdf | I81: C84681 | J81: 0;0;270
A82: U501 | B82: 1 | C82: SN65HVD230DR | G82: Package_SO:SOIC-8_3.9x4.9mm_P1.27mm | H82: http://www.ti.com/lit/ds/symlink/sn65hvd230.pdf | I82: C12084 | J82: 0;0;270
A83: U601 | B83: 1 | C83: LMV324 | G83: Package_SO:SOIC-14_3.9x8.7mm_P1.27mm | H83: http://www.ti.com/lit/ds/symlink/lmv324.pdf | I83: C362275 | J83: 0;0;270
A84: U602 | B84: 1 | C84: ADS1115IDGS | G84: Package_SO:TSSOP-10_3x3mm_P0.5mm | H84: http://www.ti.com/lit/ds/symlink/ads1113.pdf | I84: C37593 | J84: 0;0;270

Sheet Diff
A1: Reference | B1: Qty | C1: Value | D1: DNP | E1: Exclude from BOM | F1: Exclude from Board | G1: Footprint | H1: Datasheet | I1: LCSC | J1: JLCPCB_CORRECTION | M1: Notes
A2: {=_xlfn._xlws.FILTER(Bluefin!A2:J100,Bluefin!M2:M100=TRUE)} -> C602,C606,C607,C608,C609,C610,C616,C624,C901,C1113,C1114,C1115,C1116,C1204,C1205,C1206,C1207 | B2: 17 | C2: 100nF | D2: 0 | E2: 0 | F2: 0 | G2: Capacitor_SMD:C_0402_1005Metric | H2: ~ | I2: C1525 | J2: 0
A3: C704,C707,C708,C709,C710,C711,C712,C714,C721,C803 | B3: 10 | C3: 10uF/50V | D3: 0 | E3: 0 | F3: 0 | G3: Capacitor_SMD:C_1206_3216Metric | H3: ~ | I3: C13585 | J3: 0
A4: C717,C720 | B4: 2 | C4: 0.1uF/50V | D4: 0 | E4: 0 | F4: 0 | G4: Capacitor_SMD:C_1206_3216Metric | H4: ~ | I4: C24497 | J4: 0
A5: C718 | B5: 1 | C5: 2.2uF/50V | D5: 0 | E5: 0 | F5: 0 | G5: Capacitor_SMD:C_1206_3216Metric | H5: ~ | I5: C50254 | J5: 0
A6: C719 | B6: 1 | C6: 10nF/50V | D6: 0 | E6: 0 | F6: 0 | G6: Capacitor_SMD:C_1206_3216Metric | H6: ~ | I6: C153292 | J6: 0
A7: CR501 | B7: 1 | C7: PSM712-LF-T7 | D7: 0 | E7: 0 | F7: 0 | G7: PSM712-LF-T7:CR_SOT-23_PTD | H7: PSM712-LF-T7 | I7: C32677 | J7: 0
A8: F501,F502 | B8: 2 | C8: 1206L010/60WR | D8: 0 | E8: 0 | F8: 0 | G8: 1206L010_60WR:1206L075132WR | H8: ~ | I8: C2153714 | J8: 0
A9: J402 | B9: 1 | C9: Conn_01x04 | D9: 0 | E9: 0 | F9: 0 | G9: Connector_JST:JST_SH_BM04B-SRSS-TB_1x04-1MP_P1.00mm_Vertical | H9: ~ | I9: C160390 | J9: 0
A10: J501 | B10: 1 | C10: EXT LEDS | D10: 0 | E10: 0 | F10: 0 | G10: Connector_PinHeader_2.00mm:PinHeader_1x03_P2.00mm_Vertical | H10: ~ | I10: C541857 | J10: 0
A11: JP1 | B11: 1 | C11: Jumper_2_Small_Open | D11: 0 | E11: 0 | F11: 0 | G11: Connector_PinHeader_2.00mm:PinHeader_1x02_P2.00mm_Vertical | H11: ~ | I11: C541856 | J11: 0
A12: R204,R505 | B12: 2 | C12: 240R | D12: 0 | E12: 0 | F12: 0 | G12: Resistor_SMD:R_0402_1005Metric | H12: ~ | I12: C25094 | J12: 0
A13: R205,R603,R604,R605,R606,R611 | B13: 6 | C13: 1k | D13: 0 | E13: 0 | F13: 0 | G13: Resistor_SMD:R_0402_1005Metric | H13: ~ | I13: C11702 | J13: 0
A14: R206 | B14: 1 | C14: 2.7k | D14: 0 | E14: 0 | F14: 0 | G14: Resistor_SMD:R_0402_1005Metric | H14: ~ | I14: C25885 | J14: 0
A15: R403,R404 | B15: 2 | C15: 27R | D15: 0 | E15: 0 | F15: 0 | G15: Resistor_SMD:R_0201_0603Metric | H15: ~ | I15: C270320 | J15: 0 | M15: Is package too small ?
A16: R504 | B16: 1 | C16: 75R | D16: 0 | E16: 0 | F16: 0 | G16: Resistor_SMD:R_0402_1005Metric | H16: ~ | I16: C25133 | J16: 0
A17: U1200 | B17: 1 | C17: ICM-42688-P | D17: 0 | E17: 0 | F17: 0 | G17: BLUEFIN:PQFN50P300X250X97-14N | H17: https://jlcpcb.com/api/file/downloadByFileSystemAccessId/8588902275431469056 | I17: C1850418 | J17: 0
A18: U201 | B18: 1 | C18: ESP32-S3-WROOM-1U-N16R8 | D18: 0 | E18: 0 | F18: 0 | G18: RF_Module:ESP32-S3-WROOM-1U | H18: https://www.espressif.com/sites/default/files/documentation/esp32-s3-wroom-1_wroom-1u_datasheet_en.pdf | I18: C3013946 | J18: 0;0.75;270 | M18: Is JLCPCB correction relevant ?
A19: U203 | B19: 1 | C19: LM317L_SOT-89 | D19: 0 | E19: 0 | F19: 0 | G19: Package_TO_SOT_SMD:SOT-89-3 | H19: http://www.ti.com/lit/ds/symlink/lm317l.pdf | I19: C5444280 | J19: 0
A20: U402 | B20: 1 | C20: USBLC6-2SC6 | D20: 0 | E20: 0 | F20: 0 | G20: Package_TO_SOT_SMD:SOT-23-6 | H20: https://www.st.com/resource/en/datasheet/usblc6-2.pdf | I20: C7519 | J20: 0
A21: U502 | B21: 1 | C21: SP3485EN | D21: 0 | E21: 0 | F21: 0 | G21: Package_SO:SOIC-8_3.9x4.9mm_P1.27mm | H21: http://www.icbase.com/pdf/SPX/SPX00480106.pdf | I21: C8963 | J21: 0
